"customer_id","OrderDate","Product","Quantity","OrderValue","Discount","Status"
1169,"08-Dec-2025","Webcam",2,83.43,"0","Complete"
1122,"08/06/2026","Headphones",5,621.12,"10%","Refunded"
1157,"30-Sep-2025","Mouse",5,1392.13,"10%","Refunded"
1215,"2025-01-02","Phone",2,148.86,"0","CANCELLED"
9630,"N/A","webcam",4,466.88,"N/A","Pending"
1057,"29-05-2024","Keyboard",1,687.64,"10%","Complete"
1055,"28 Jun 2024","Webcam",4,772.06,"0.15","Complete"
1225,"2024/02/04","Chair",3,721.53,"0.15","Cancelled"
1005,"2025-12-10","Mouse",3,900,"0","Pending"
1075,"2024/06/22","",4,646.06,"10%","Cancelled"
1112,"06-09-2025","Tablet",1,110.97,"20","Refunded"
1038,"15-Jul-2024","Headphones",4,362.94,"10%","Cancelled"
9221,"24-05-2024","Printer",4,68.92,"0","Refunded"
1107,"","Phone",6,739.19,"5%","Refunded"
1184,"15-Nov-2024","Phone",2,331.9,"20"," Refunded"
1153,"2024/07/24","Printer",3,138.85,"0.15","Complete"
1135,"04-09-2024","Keyboard",6,835.54,"","Pending"
1019,"06-01-2026","Desk",2,359.47,"5%","Pending"
1100,"19/06/2026","Router",4,1355.41,"0.15","Pending"
1171,"2025/09/17","Chair",4,459.88,"N/A","Pending"
1174,"02 Jul 2025","Tablet",5,114.21,"0.15","Refunded "
9946,"23 Jan 2025","desk",1,1213.39,"20","Cancelled "
1216,"2024-07-12","Chair",2,673.23,"0","Complete"
1108,"17-06-2024","Chair",2,231.65,"0.15","CANCELLED"
1184,"07-Jul-2025","Laptop",1,936.18,"5%","Cancelled"
1166,"26-Feb-2024","Printer",6,87.6,"N/A","Refunded"
9496,"21 Apr 2025","Keyboard",1,191.72,"0","Refunded"
1113,"02/05/2024","Desk",2,398.82,"10%","Cancelled"
1039,"30-Sep-2025","phone",2,1267.65,"","Cancelled"
9141,"03 Feb 2024","Laptop",2,535.42,"20","Complete"
1215,"18 Jan 2024","Phone",4,125.04,"5%","refunded"
1093,"2024/03/16","Router",2,257.07,"20","Cancelled"
1072,"2025/06/14","Keyboard",5,737.42,"","Pending"
1049,"2024-06-13","Printer",5,89.28,"20","Pending"
1223,"11-Jul-2024","Chair",2,558.88,"","Pending"
1060,"2024-04-20","Chair",4,262.35,"N/A","Complete"
9936,"03-06-2025","Chair",2,241.06,"0.15","Refunded"
1040,"2025-11-09","Monitor",3,766.33,"20","Refunded"
1189,"30/10/2025","Keyboard",6,773.94,"0.15","Refunded"
1003,"2025/10/13","Printer",1,816.74,"0.15","Complete"
1233,"21-03-2024","Headphones",2,465.09,"","Complete "
1100,"2024-04-19","Mouse",2,938.46,"N/A","Cancelled"
1145,"18/11/2024","Router",2,1175.87,"0","Refunded"
1241,"27-Aug-2024","Router",6,1135.97,"N/A","Cancelled"
1098,"24-Feb-2025","Monitor",5,161.42,"N/A","Cancelled"
1081,"27 Mar 2025","Headphones",5,963.06,"10%","Pending"
9077,"2025-07-03","Mouse",5,1200.82,"10%","Cancelled"
1114,"26 Jan 2025","Phone",5,1073.33,"20","Cancelled"
1040,"2025/09/27","Monitor",2,599.31,"N/A","Complete"
1115,"27-Apr-2024","Phone",1,386.5,"0.15","Complete"
1195,"2025-10-13","Phone",2,1335.59,"N/A","Cancelled"
1193,"13-03-2025","Mouse",4,525.89,"10%","Pending"
1185,"2025-11-08"," Laptop",4,1105.83,"","Pending"
1037,"2026/06/15",".",3,1458.59,"20","Pending"
1076,"2025-12-27","keyboard",2,819.7,"","Refunded"
1238,"2024/10/22","Laptop",4,875.78,"20","Refunded"
1177,"2025-08-18","Laptop",3,1218.28,""," Refunded"
1063,"15-Jul-2025","Webcam",2,1198,"5%"," Pending"
1208,"31/01/2026","Router",3,1108.82,"0.15","Complete"
1226,"2025-01-05","Desk",1,1387.3,"20","Cancelled"
1144,"07-02-2025","Headphones",3,139.31,"0","Complete"
1241,"10-Dec-2024","Mouse",6,266.35,"5%","Cancelled"
9754,"01-May-2026","Router",3,928.64,"","Complete"
9383,"19-Aug-2024","Monitor",1,945.41,"10%","Refunded"
1037,"20-10-2024","Webcam",3,218.46,"0","Pending"
1226,"03/06/2024","Router",5,545.8,"5%","complete"
1035,"2025/04/12","Router",4,947.65,"5%","Pending"
1116,"11-08-2025","Printer",6,733.8,"N/A","Pending"
1116,"2026/04/25","Mouse",6,426.3,"N/A","Pending"
1144,"17/06/2026","Router",2,683.51,"10%","Complete"
1011,"05/01/2025"," Router",3,683.15,"0","Cancelled"
1065,"11-09-2025","Phone",6,1036.88,"5%","Cancelled"
9000,"29-08-2025","Keyboard ",3,329.94,"N/A","Refunded"
1059,"2025-06-01","Laptop",1,733.67,"5%","Cancelled"
1048,"08/09/2025","Chair",2,652.04,"5%","Cancelled"
1238,"02-10-2024","Chair",5,1167.5,"","Pending"
1060,"2026-02-28","Laptop",4,1050.05,"","Complete"
1233,"05/06/2026","Laptop",2,1135.28,"0.15","Pending"
1031,"2025-11-23","Chair",3,1414.37,"10%","Cancelled"
1198,"2024-04-20","Tablet",3,93.12,"","Cancelled"
1181,"28-Nov-2024","Tablet",6,1450.42,"10%"," Pending"
1151,"2024-01-07","Router",6,631.47,"0.15","Refunded"
1126,"17/03/2026","Chair",1,121.99,"N/A","Complete"
1191,"2025/11/02","Chair",2,1166.49,"10%","Cancelled"
9916,"11-10-2025","Monitor",4,256.75,"5%","refunded"
1006,"2024/08/30","Desk",1,207.58,"20","pending"
1128,"09-12-2024","Phone",4,786.7,"20"," Cancelled"
1064,"06/10/2025","Chair",6,632.02,"0.15","Cancelled"
1024,"19 Oct 2024","KEYBOARD",4,304.22,"N/A","Refunded"
1080,"28-Jul-2024","Tablet ",5,265.89,"0.15"," Complete"
1204,"29-03-2025","Desk",4,1243.32,"10%","Cancelled"
1022,"20/05/2026","Chair",1,1219.31,"N/A","Pending"
9691,"25/02/2024","Mouse",1,653.02,"20"," Refunded"
1056,"2025-10-23","Desk",4,487.71,"N/A","Pending"
1169,"2024/08/20","Desk",3,224.27,"10%","complete"
1009,"02 Mar 2026"," Printer",1,953.38,"0.15"," Refunded"
1089,"13 Oct 2025","Tablet",2,1488.27,"N/A","Complete "
1199,"30 Aug 2025","Monitor",3,82.34,"N/A","Refunded "
1008,"11/09/2025","Tablet",2,443.87,"N/A","Complete"
1107,"20-05-2026","Desk",1,490.28,"N/A","REFUNDED"
9839,"08-Dec-2025","Desk",4,828.67,"5%","pending"
1009,"2025/02/10","Monitor",5,495.17,"10%","Complete"
1192,"04-Jan-2026","Keyboard",2,924.86,"5%","Pending"
9772,"2025/02/23","Chair",4,342.19,"10%","Refunded"
1148,"05/03/2024","Desk",3,794.59,"5%"," Pending"
1038,"2025-10-27","Desk",2,851.29,"","Cancelled"
1054,"2025-06-01","Keyboard",5,501.97,"20","Refunded"
1140,"2024-09-19","Laptop",5,111.42,"10%","Pending"
1076,"Unknown","Keyboard",5,1365.16,"0","Cancelled "
1210,"2024/07/28","Webcam",2,420.17,"20","Pending"
1198,"2026-01-31","Tablet",6,918.79,"5%","COMPLETE"
1197,"2025-07-17","Tablet",2,520.14,"N/A","Complete"
1188,"2024/02/08","Monitor",1,1276.33,"","Complete"
1113,"23 Sep 2025","Printer",6,1496.15,"0.15","Complete"
9373,"30/09/2024","Webcam",4,784.51,"10%","Refunded"
1234,"08 Jun 2024","DESK",2,1180.56,"","Refunded"
1122,"2026-06-12","Chair",6,335.21,"20","Pending"
1235,"21-10-2024","Router ",1,501.05,"5%","Pending"
1246,"10 Jan 2024","Mouse",1,353.93,"5%","Pending"
9228,"13-10-2024","Desk",2,716.15,"20","Pending"
1049,"02 Oct 2025","Monitor",3,1135.63,"5%","Refunded "
1161,".","Headphones",4,1149.13,"N/A","Complete"
1245,"21 Dec 2025","Desk",6,1241.09,"10%","Refunded"
1089,"18/01/2024","Webcam",4,1131.34,"0","Complete"
1192,"12 Apr 2024","Headphones",4,525.23,"N/A","Refunded"
1174,"2024/03/16","Webcam",4,616.14,"5%","Complete"
1173,"08-04-2024","Chair",2,289.88,"0.15","Pending"
1248,"28/08/2025","Phone",6,789.83,"5%","Refunded"
1159,"25-12-2025","Tablet",3,742.4,"0","Pending"
1179,"18/05/2025","Webcam",6,1282.51,"0","Refunded"
1233,"23/09/2025","Keyboard",1,1466.37,"10%","Cancelled"
1045,"19-Jun-2026","Monitor",6,152.43,"0.15","Complete"
1227,"07-03-2025","Monitor",1,351.79,"N/A","Refunded"
9284,"18 Mar 2026","Chair",5,926.24,"0","Refunded"
1076,"06 Feb 2024","Router",2,271.1,"20","Complete"
1244,"2024/06/15","Keyboard",3,1448.89,"0","Complete"
1188,"02-12-2025","Router",4,1394.18,"10%","Refunded"
1180,"Unknown","Mouse",6,320.59,"5%","Cancelled"
1087,"2026/04/09","Monitor",6,646.66,"0.15","Complete"
1214,"2025/04/03","Webcam",5,1049.57,"0.15","Pending"
1243,"2025-04-21","Chair ",2,1001.09,"","Refunded"
9036,"22/04/2026","Laptop",6,1102.46,"0.15","Pending"
9770,"2025/03/23","Router",4,661.28,"5%","Refunded"
1110,"13/07/2024","N/A",6,1227.48,"0.15","Refunded"
1071,"25-09-2024","Headphones",3,164.45,"0","Cancelled"
9331,"17/05/2024"," Webcam",5,156.84,"5%","Refunded"
1116,"01-Aug-2024","Desk",6,1221.33,"10%","PENDING"
1149,"10/05/2024","Keyboard",6,144.28,"20","Complete"
1193,"06 Sep 2025","CHAIR",2,415.15,"5%","Complete"
1030,"2024-03-01","Monitor",5,276.29,"","Pending"
1003,"2025-11-06","PHONE",3,726.74,"20","Cancelled "
1122,"2026/04/27","Router",5,483.94,"0","Complete"
1079,"18 Apr 2026","Mouse",3,258.83,"10%","Refunded"
9676,"26-05-2026","Printer",5,771.06,"N/A"," Pending"
9540,"08/08/2024","Router",5,143.09,"20","Complete"
1172,"N/A","Keyboard",4,757.7,"0.15","Pending"
9925,"2025-01-02","Headphones",4,1005.15,"0","Pending"
1043,"11 Feb 2024","Chair",3,39.88,"0","Complete"
1199,"14 May 2026","Webcam",4,101.87,"0.15","Refunded"
1015,"10-Apr-2024","Headphones",5,1007.97,"N/A","Cancelled"
1199,"06 Sep 2024","Monitor",5,173.07,"N/A","Pending"
1225,"14-06-2025","Webcam",2,1439.88,"5%","Refunded"
1049,"15-Oct-2024","Keyboard",5,1228.58,"20","Cancelled"
1249,"N/A","Phone",1,120.39,"0.15","Cancelled"
1157,"2026/01/13","Laptop",6,20.36,"10%","Cancelled"
1093,"12-02-2025","Chair",2,934.66,"N/A"," Cancelled"
1152,"16 May 2026","Chair",2,887.67,"0","Refunded"
1037,"25/04/2025","Mouse",5,1258.74,"N/A","Pending"
1181,"15-Jan-2024","Phone",1,924.01,"10%","Cancelled"
1060,"2025-06-12","Headphones",4,927.44,"20","Cancelled "
1124,"2024/07/19","Desk",2,831.51,"N/A","Cancelled"
1187,"2025/09/14","Router",1,330.11,"0.15","Pending"
1168,"17/03/2026","Desk",4,385.61,"10%","Cancelled"
1196,"2026-03-25","Phone",1,412.43,"N/A","Refunded"
1074,"31-Jul-2025","Phone",3,426.08,"10%","Pending"
1013,"15/02/2025","Monitor",6,917.45,"0","Complete"
1073,"05-01-2024","Laptop",6,1427.22,"0","Cancelled"
1189,"12-Mar-2025","Router",5,385.39,"0","Cancelled"
1133,"2024-06-03","Tablet",1,626.84,"0.15"," Complete"
1246,"24-03-2026","Phone",1,1005,"","COMPLETE"
1008,"2024-08-21","Webcam",3,552.14,"0","Cancelled"
1025,"2024-05-15","Desk ",3,1268.51,"0","Refunded"
1052,"01-Sep-2025","Laptop",3,1306.72,"","Pending"
1086,"21 Oct 2025","Chair",4,1450,"10%","Pending"
1005,"24 Apr 2025","Printer",6,769.33,"10%","Pending"
1200,"2024/02/26","Laptop",5,925.15,"20","Complete"
1108,"2025-08-25","Router",5,682.55,"N/A","Cancelled"
1100,"2025/05/07","Laptop",3,1107.88,"0.15","Complete"
1204,"02 Jun 2026","Mouse",5,487.05,"N/A","Refunded"
1145,"2024-02-06","Mouse",5,48.52,"10%","Cancelled"
1220,"2025-09-12","",1,573.09,"","Pending"
9381,"2024/05/28","Desk",2,1116.18,"5%"," Pending"
1106,"24/12/2024","Keyboard",2,1186.79,"10%","Pending"
1223,"2026-06-10","Monitor",2,858.76,"0.15","Complete"
1229,"02-04-2025","Monitor",2,772.78,"N/A","Refunded"
1067,"04-Dec-2024","Tablet",6,1190.7,"0","Cancelled"
1235,"07-Jul-2024","Chair",1,156.73,"0.15","Complete"
1204,"04-11-2025","Webcam",4,197.77,"N/A","Cancelled"
1217,"2025/07/18","Monitor",1,319.95,"0.15","Cancelled"
1187,"30/08/2025","Keyboard",6,1239.16,"20","Refunded"
1083,"26-Jun-2024","Headphones",3,1045.72,"N/A","Pending"
1143,"18 Jan 2025","Chair",3,527.48,"5%","Refunded"
9256,"15 May 2026","Monitor",2,1388.69,""," Refunded"
1231,"2025-07-01","Desk",6,323.46,"0","Cancelled"
9693,"2025/06/23","Desk",1,568.04,"10%","Pending"
1150,"31-01-2024","Webcam",5,204.48,"N/A","Complete"
1237,"02 Apr 2026","Webcam",4,1285.34,"N/A","Cancelled"
1235,"2024/10/31","Router",2,1048.26,"5%","Pending"
1091,"14-Apr-2024"," Keyboard",4,817.87,"N/A","Cancelled"
1180,"30-Aug-2025"," Monitor",3,647.9,"0.15","Complete"
1230,"2024/01/17","Tablet",2,1084,"N/A","Cancelled"
1185,"31/03/2025","Monitor",5,736.76,"","Cancelled"
1057,"24-Dec-2024","Phone",5,629.67,"0","Refunded"
1238,"19 May 2026","Printer",4,1403.99,"0","Refunded"
9727,"06/02/2026","Webcam",5,1160.75,"10%","Complete"
1090,"31-Mar-2026","Chair",3,920.69,"","Pending"
1022,"02-01-2026","Chair",4,436.21,"0.15","Cancelled"
1249,"30-Aug-2024","Mouse",4,228.68,"","Refunded"
1213,"2024/07/27","Keyboard",1,185.95,"10%","Complete"
9729,"2025-06-10","Phone",1,397.65,"N/A","Pending"
1026,"24/04/2026","Webcam",1,868.11,"0.15","Complete"
1146,"30-Nov-2024","Desk",4,748.77,"20","Refunded"
9750,"07-01-2026","Keyboard",6,136.79,"","Complete"
1109,"2024/12/16","Printer",2,304.37,"10%","Complete "
9881,"2025/01/19","Router",5,731.57,"10%"," Complete"
1031,"26-02-2026","Webcam",2,596.29,"5%","Refunded"
1107,"26-Jan-2026","Webcam",5,784.25,"5%"," Cancelled"
1153,"16/04/2026","Headphones",4,1296.44,"","Cancelled"
1188,"02-11-2024","Router",5,1037.82,"20","Refunded"
1248,"2026-03-13","Phone",3,761.17,"5%","Pending"
1035,"12 Jun 2025","Phone",4,897.74,"N/A","Cancelled"
1114,"13/03/2025","Monitor",3,201.46,"20","Refunded"
9083,"15-06-2024","Tablet",3,1006.55,"N/A","Pending"
1196,"07-Jun-2024","Chair",2,193.71,"0","COMPLETE"
9041,"27 Nov 2025","Chair",4,271.52,"0","Refunded"
1005,"13-Mar-2025","Headphones",2,1491.89,"0.15"," Pending"
1044,"20-07-2025","Router",6,847.32,"20","Pending"
1006,"24/12/2025","Laptop",2,976.8,"0.15","Refunded"
1059,"N/A","Tablet",6,722.47,"N/A","Refunded"
1164,"29-Oct-2024","Headphones",2,232.09,"N/A","Pending"
1119,"28 Jul 2024","Keyboard",2,786.95,"","Pending"
1003,"2024-10-30","Laptop",3,826.28,"0","Pending"
9620,"08 May 2026","Phone",3,560.7,"20","Complete"
1197,"2024-09-05","Phone",1,1191.91,"0.15","Refunded"
1030,"07-Jan-2025","Unknown",6,334.66,"5%","Cancelled"
1100,"06-Jun-2025","Headphones",4,589.47,"N/A","Pending"
1094,"05 Mar 2024","Phone",3,204.36,""," Complete"
1025,"05-04-2025","Desk",4,1338.29,"","Pending"
1200,"21 Nov 2025","Printer",4,1208.76,"N/A","Complete"
1168,"21/09/2024","Desk",4,1001.89,"5%","Complete"
1213,"2024/10/12","Monitor",6,522.31,"5%","Pending"
1108,"07/08/2025","Desk",3,831.22,"5%","Complete"
1043,"12 Oct 2025"," Phone",2,823.26,"5%","Complete"
1018,"23-06-2024","Keyboard",4,81.69,"N/A","Complete"
1145,"10-04-2026","Desk",5,479.91,"5%","Pending"
1143,"25-Oct-2024","Headphones",3,424.86,"0","Complete"
1079,"07-Jun-2026","Tablet",1,1498.81,"N/A","Pending"
1063,"2024/12/14","Tablet",2,1003.49,"20","Cancelled"
1177,"2026-02-26","Headphones",4,940.73,"0","Cancelled"
1201,"25-11-2024","Monitor",2,916.12,"0","Refunded"
1203,"2025/10/30","Router",6,1384.68,"","Cancelled"
1125,"2025/02/10"," Webcam",2,28.27,"","Cancelled"
9392,"Unknown","Mouse",5,89.31,"0.15","CANCELLED"
1230,"2025/07/15","Laptop",5,930.69,"20","Cancelled "
1100,"2026/03/10","Headphones",2,1405.24,"0.15","PENDING"
1049,"01-May-2025","Monitor",4,305.59,"0.15","Complete"
1161,"08 Feb 2026","Webcam",5,808.75,"20","Pending"
1246,"28/09/2025","Monitor",1,493.67,"20","Cancelled"
1246,"07-02-2024","Webcam",5,611.45,"10%","Complete"
1217,"30-Sep-2024","Keyboard",4,1046.07,"N/A","complete"
1045,"11-05-2025","Laptop",2,1388.37,"20","Cancelled"
1179,"29-Oct-2025","Router",3,972.69,"N/A","Complete"
1233,"2024/10/21","Tablet",2,1249.64,"","Complete"
1132,"17/05/2024","Phone",4,439.68,"20","Pending "
1111,"2024/07/19","Mouse",3,580.5,"N/A","Cancelled"
1083,"31 Jan 2025","Desk",6,572.39,"0","cancelled"
1128,"Unknown","Phone",3,25.76,"0","Complete"
1103,"10-Dec-2024","tablet",1,13.36,"20","Cancelled"
1106,"Unknown","Tablet",3,1008.33,"10%","Refunded"
1073,"2025/10/17","Chair",6,152.56,"20","Cancelled"
1082,"16/05/2026","Mouse",1,848.5,"20","Cancelled"
1085,"10-08-2024","Printer",5,1438.79,"10%","Pending"
1231,"2026/05/21","Desk",5,363.79,"20","refunded"
1099,"2024/12/09","Printer",2,1123.36,"5%","Complete"
1030,"06/07/2024","Printer",2,39.95,"5%"," Pending"
1162,"15/06/2024","Monitor",5,1124.67,"N/A","complete"
1058,"2024/12/09","Monitor",3,750.95,"0.15","Refunded"
1023,"2024-08-27","Phone",3,1469.73,"20","Cancelled"
9417,"2024/01/20","Tablet",3,400.88,"5%","Pending"
1138,"14-May-2026","Monitor",4,113.44,"20","Refunded"
1151,"03/12/2024","Tablet",4,1175.86,"0","pending"
1088,"07/11/2025","Printer",2,554.62,"0.15","Complete"
1250,"16-09-2024","Keyboard",6,1335.03,"5%","Pending"
1246,"07/02/2026","Webcam",2,211.51,"10%","Refunded"
1099,"29 Mar 2026","Chair ",2,1392.32,"20","Cancelled"
1160,"22/03/2026","Phone",4,1298.95,"10%"," Pending"
1067,"2024/03/10","Monitor",2,137.67,"","Complete"
1039,"31 Mar 2026","Chair",2,120.13,"0","Cancelled"
1167,"29-Feb-2024","Webcam",4,1245.98,"10%"," Refunded"
1098,"13/07/2024","Router",1,766.82,"0","Complete"
1187,"2024/12/19","Laptop",2,479.41,"5%","Complete"
1074,"23-Sep-2024","Chair",2,435.97,"","Pending "
1078,"05/05/2026","Headphones",4,382.13,"0","Refunded"
1246,"2024-06-28","DESK",3,335.99,"5%","Refunded"
9548,"2024/02/11","Mouse",2,660.89,"","CANCELLED"
1127,"12-May-2024","Tablet",5,831.88,"20","Cancelled"
1080,"2025-02-19","Headphones",1,673.89,"20","Cancelled"
1062,"06 Jun 2025","mouse",1,1104.43,"","Pending"
1087,"22/12/2025","Router",1,1166.23,"0","Cancelled"
1094,"18/02/2026","Tablet",1,73.96,"5%","Pending"
1213,"2026/06/07","Monitor",1,310.47,"20","Cancelled "
1132,"11-Apr-2025","Printer",1,190.97,"10%","Complete"
9083,"22/11/2024","Keyboard",4,677.37,"5%","Refunded"
1112,"02 Apr 2026","Keyboard",2,1325.66,"10%","Complete"
1201,"23/04/2026","Router",1,1182.42,"10%","Pending"
1015,"01/01/2024","Laptop",6,1421.82,"5%","Pending"
1078,"03-12-2025","Headphones",4,275.29,"0","Refunded"
1087,"03/08/2024","Monitor",4,82.2,"10%","refunded"
1035,"30 Apr 2025","Mouse",4,591.05,"0","Complete"
1101,"2025/01/24","Monitor",1,681.13,"5%","Refunded"
9901,"2026/05/16","Headphones",1,1381.76,"20","Refunded"
1198,"2025-09-06","Router",2,702.74,"10%"," Pending"
1056,"2025-09-13"," Tablet",3,682.97,"N/A","Pending"
1121,"06 Feb 2026","Desk",5,431.6,"0","Refunded"
1221,"2026-06-17","Chair",5,501.06,"5%","Pending"
1250,"22 Jun 2025","Router",3,1215.78,"","Pending"
1161,"22-Jul-2024","Desk ",3,817.73,"20","Pending"
1186,"11/12/2025","Laptop",6,1399.12,"N/A","pending"
1223,"23 Nov 2024","Router",6,940.92,"0","Cancelled"
1108,"18/02/2025","Keyboard",1,1077.83,"","Complete"
1145,"2025-07-04","Webcam",3,1324.3,"5%","Pending"
1092,"23-02-2025","Phone",6,703.35,"","Pending"
1114,"2024-09-16","Phone",6,106.02,"0.15","Pending "
1183,"18/04/2025","Headphones",2,665.81,"10%","Cancelled"
1230,"2024/08/20","Chair",5,1430.22,"20","Cancelled"
1090,"2024-05-29","Tablet",1,853.11,"10%","Pending"
1073,"23 Sep 2025","Laptop",2,295.79,"0","Pending"
1086,"2024/01/17","Desk",6,414,"N/A","Pending"
1228,"19 Jul 2025","Monitor",1,1370.68,"10%","Pending"
1185,"2026/04/23","Webcam",1,1242.01,"5%","Refunded"
1172,"04 Dec 2025","NULL",2,818.02,"0.15","Refunded "
1200,"19/07/2025","Router",3,733.94,"N/A","Complete"
1066,"12-Mar-2026","Headphones",5,229.63,"","Pending"
1159,"16-Jan-2026","Laptop",1,255.67,"20","REFUNDED"
1020,"23 Apr 2024","Mouse ",3,115.31,"5%","Pending"
1099,"11/06/2026","Keyboard",3,283.04,"N/A","Cancelled"
1098,"06-Apr-2026","Tablet",2,113.49,"5%","Pending"
1221,".","Webcam",4,1354.5,"5%","Complete"
9456,"23/02/2026","Printer",3,1074.66,"0.15","Pending"
1130,"30/12/2025","NULL",2,147.48,"0.15","Pending"
1190,"12-01-2026","Chair",3,271.1,"0.15","refunded"
1001,"01 Jun 2024","Monitor",5,738.34,"N/A","CANCELLED"
1167,"2025/03/02","Desk",6,840.71,"","Refunded"
1109,"2024/11/01","Desk",2,1277.49,"0","Complete"
1029,"16-Dec-2025","Monitor",2,547.9,"0","Cancelled"
9218,"01-Jun-2025","Router",6,624.04,"0.15","Cancelled"
1196,"29-Mar-2025","Phone",2,423.12,"10%","Cancelled"
1014,"2025/12/30","Desk",1,770.23,"20","Cancelled"
9417,"2024/04/13","Mouse",2,1282.54,"10%","Complete"
1127,"2026-02-14","Router",6,290.99,"N/A","Pending "
1080,"14-04-2025","Tablet",6,903.42,"5%","Pending"
1071,"06 Dec 2024","Monitor",6,1091.84,"N/A","Complete"
1207,"2025/06/14","Headphones",3,48.93,"0.15","refunded"
1115,"07/03/2026","Mouse",3,368.19,"5%","Refunded "
1143,"14-03-2025","Headphones",3,63.43,"20","Cancelled"
1116,"21 Mar 2024","Monitor",6,300.24,"5%","Cancelled"
1106,"2026-05-29"," Router",3,825.41,"N/A","REFUNDED"
1003,"NULL","Keyboard",2,1314.04,"0","Pending"
1203,"23-Jan-2025","Router",4,890.56,"0.15","Cancelled"
1070,"03/04/2024","Monitor ",1,25.36,"N/A","Complete"
1228,"2025/10/08","Tablet",6,1078.93,"N/A","Cancelled"
1213,"06 Jun 2026","Chair",1,1123.09,"5%","Refunded"
1236,"2025-10-29","Mouse",5,873.05,"0","Pending"
1102,"01-May-2024","Phone",5,436.62,"10%","Complete"
1213,"29/06/2024","Headphones",2,517.56,"N/A","Pending"
1190,".","Chair",6,1340.44,"20","Cancelled"
1203,"06-Apr-2026","Webcam",2,917.9,"","Cancelled"
1119,"03/01/2025","Phone",5,542.15,"0","Refunded"
1170,"N/A","Keyboard",2,939.71,"5%","Complete"
1208,"02 Mar 2026","Phone",4,42.06,"5%","Refunded"
1187,"Unknown","Mouse",1,1309.48,"","Pending"
1007,"2024/09/21","Unknown",2,15.01,"10%","Cancelled"
1218,"2025/11/10","Keyboard",6,299.81,"0.15","Complete"
1130,"12/01/2025","Router",5,409.58,"N/A","Pending"
1164,"16-03-2025","Keyboard",1,405.91,"0","Refunded"
1176,"05 May 2025","Tablet",3,1401.84,"0","pending"
1074,"10-Jun-2025","Mouse",6,734.73,"0.15","Cancelled"
1190,"18 Apr 2025","Monitor",5,290.42,"10%","Cancelled"
1225,"2025/05/03","Mouse",5,80.85,"0","Pending"
9082,"06 Apr 2024","Chair",5,1043.24,"N/A","Pending"
9271,"27-Jun-2025","Monitor",5,1395.92,"0","Pending"
1205,".","Monitor",5,1119.09,"","cancelled"
1222,"2025-11-25","Chair",2,1471.06,"","Cancelled"
1138,"06-Apr-2024","Headphones",4,297.3,"N/A","Refunded"
1229,"19-01-2026","Desk",6,122.57,"","Cancelled"
1044,"24-01-2025","Phone",6,335.85,"0.15","Refunded"
1206,"25 Jan 2024","Laptop",2,221.02,"N/A","Refunded"
1114,"07 Aug 2024","Desk",1,1369.25,"N/A","Refunded"
1161,"2025-07-24","Headphones",3,1055.39,"N/A","Cancelled"
1046,"21-04-2024","Chair",5,253.5,"10%","Complete"
1011,"08/09/2024","Monitor",5,249.61,"N/A"," Refunded"
1210,"15-Apr-2026","Printer",1,1039.42,"N/A","Cancelled"
1017,"20-07-2025","Tablet",1,883.55,"5%","Complete"
1058,"2025/12/21","Keyboard",1,980.61,"10%","Refunded"
9607,"2024-12-31","Router",3,923.63,"","Complete"
1217,"09-Aug-2025","TABLET",6,583.87,"N/A","Refunded"
1169,"2024-12-14","Router",4,590.24,"0.15","Complete"
1224,"23-Aug-2024","mouse",6,15.9,"0.15","Complete"
1015,"18 Mar 2024",".",6,520.6,"","Pending"
1239,"11 Jun 2026","Chair",3,1031.87,"N/A","Pending"
1138,"06 Apr 2025","Printer",5,547.69,"0","Pending"
1066,"2025/05/21","Printer",6,267.98,"0","Cancelled"
1127,"20/08/2025","Phone",1,747.7,"20","Complete"
1107,"23 Mar 2024","Phone",4,560.87,"0.15","Refunded"
1132,"2024/10/03","Tablet",5,1292.44,"10%","Pending"
9941,"30/09/2024","Chair",5,379.26,"","Pending"
1168,"N/A","Printer",2,1131.26,"20","Cancelled"
1129,"13 Feb 2024","Webcam",5,292.84,"5%","Cancelled"
1164,"25-Oct-2025","Keyboard",3,1336.13,"N/A","Complete"
1201,"2024-03-21","Chair",4,771.83,"N/A","Cancelled"
1155,"04-10-2025"," Keyboard",6,806.5,"N/A","Refunded"
1123,".","Printer",3,302.12,"10%","Complete"
1227,"21-03-2026","Phone",5,177.94,"0.15","Complete"
9868,"Unknown","Headphones",1,978.78,"5%","Cancelled"
1202,"","Monitor",2,1361.4,"5%","Cancelled "
9385,"2025/02/19","Printer",6,1084.51,"10%","Cancelled"
9463,"2026/02/14","Printer",1,876.33,"N/A","Complete"
1010,"2026-06-16","Monitor",4,1171.78,"0.15","CANCELLED"
1208,"01-01-2024","Webcam",1,276.26,"0.15","Complete"
1177,"04-Apr-2026","Monitor",2,910.39,"0.15","Refunded"
1165,"2026-01-18","Mouse",5,1496.75,"5%","Pending"
1133,"2024-03-26","Headphones",4,688.06,"0","Cancelled"
1166,"26-08-2024","Tablet",4,731.41,"10%","Pending"
1238,"29 May 2024",".",5,125.35,"","Refunded"
1102,"26-Oct-2025","Router",6,319.31,"5%","Pending"
1121,"2025-06-13","Laptop",6,766.74,"10%","Pending"
1022,"29-04-2025","Desk",5,49.15,"0","Complete"
9095,"2024/01/05","Monitor",3,585.99,"20","Complete"
1029,"2026/02/12","Printer",1,222.74,"5%","Complete"
1206,"10 Apr 2024","Webcam",2,735.63,"0.15","Refunded"
9307,"2025-04-14","Webcam",1,299.07,"5%","Complete"
1236,"2026/01/13","Laptop",1,852.72,"20","cancelled"
1050,"15/07/2025","Router",3,669.31,"20","Refunded"
1085,"05/10/2025","Mouse",2,1141.23,"20","Complete"
1067,"25/03/2025","Mouse",5,1465.47,"5%","Refunded"
1189,"08-05-2025","Keyboard",5,824.65,"5%","Pending"
1197,"2025/08/02","Phone",6,28.48,"0","Cancelled"
1098,"02-06-2026","Desk",3,1066.27,"10%","Cancelled"
1080,"01-04-2026","Monitor",4,476.33,"10%","Cancelled"
1233,"22-May-2025","Mouse",2,333.57,"0","Refunded"
1221,"23-11-2024","Tablet",6,574.44,"5%"," Complete"
1219,"2024/06/23","Keyboard",1,1209.65,"10%","Pending"
1116,"17-Mar-2024","Router",6,217.56,"0.15","Cancelled"
1107,"12-02-2024","Headphones",3,724.07,"20","Pending"
1031,"13-Mar-2026"," Router",2,1385.82,"N/A","Refunded"
1221,"29-07-2024","desk",3,926.02,"20","Complete"
1021,"26/09/2025","",3,182.56,"0","Cancelled"
1133,"15 Jun 2025","Phone",2,1094.4,"N/A","Pending"
1158,"17/03/2025","Laptop",3,792.1,"","Cancelled"
1090,"08/03/2025","Headphones",6,155.32,"0","Cancelled"
1114,"30 Dec 2025","Laptop",1,1274.54,"","Pending"
1104,"18/10/2024","Printer ",6,104.63,"10%","Pending "
1135,"2026/03/26","Monitor",3,13.51,"5%","Pending"
1064,"22 Jul 2025","Monitor",6,639.18,"0.15","Pending"
1127,"08-Jan-2025","Desk",4,952.42,"","Complete"
1183,"2025-12-03","Keyboard",4,486.22,"N/A","Cancelled "
1172,"14-Jun-2025","Webcam",6,1496.57,"","Cancelled"
1093,"05-Nov-2024","headphones",1,1353.44,"20","Pending"
1096,"25-Jan-2025","Laptop",2,133.58,"5%","Cancelled"
1173,"2025-08-30","N/A",6,487.25,"0.15","Complete"
1035,"2025-10-09","Desk",5,1106.33,"0","Pending"
1139,"01-10-2025","Tablet",3,509.16,"0.15","Complete "
1165,"19/12/2024","Phone",3,841.96,"20","Cancelled"
1056,"25-Jul-2025","NULL",6,1298.09,"N/A","Refunded"
9476,"19 Dec 2025","Headphones",5,238.27,"0.15","Pending"
1151,"21/11/2024","Router",4,230.84,"N/A","Cancelled"
1020,"11/04/2026","Webcam",2,160.14,"5%","Complete"
1070,"22-Jul-2024","Headphones",3,1270.25,"N/A"," Refunded"
1016,"17-04-2025","Laptop",4,1195.89,"10%","Cancelled"
1217,"31-03-2026","Phone",6,794.97,"10%","Cancelled"
1148,"24-04-2025","Phone",5,1120.06,"10%","Pending"
1134,"2024/11/14","Keyboard",4,1232.06,"20","Pending"
1078,"27 Jan 2026","Laptop",3,662.65,"0","Pending"
1242,"22-11-2025","Laptop",6,569.03,"N/A","Pending"
1128,"2026-02-15","laptop",5,50.03,"N/A","Cancelled"
1195,"16 Jul 2024","Router",2,994.97,"20","Cancelled"
1208,"19-Jul-2025","Chair",2,960.16,"0","Complete"
1214,""," Headphones",1,188.68,"0.15","Pending"
9003,"NULL","Printer",2,41.14,"0.15","Complete"
1168,"22 Feb 2026","Phone",3,1198.98,"20","Refunded"
1004,"2025-11-06","Chair",4,309.51,"0.15","Complete "
9060,"2026-03-24","Laptop",6,1317.94,"0.15","Complete"
1066,"2024/11/09","Headphones",5,469.65,"N/A","Pending"
1225,"14-04-2025","Router",6,234.99,"N/A","Complete"
1145,"02/08/2025","Mouse",3,1140.17,"20","Pending"
9069,"25/05/2025","Chair",2,1113.85,"","Cancelled"
1121,"26/05/2025","Keyboard",3,1139.78,"20","Cancelled"
1207,"09/04/2026","Webcam",6,65.51,"","REFUNDED"
1062,"2025-04-19","N/A",4,584,"0.15","Cancelled"
1152,"2024/07/18","Tablet",6,585.92,"0.15","Cancelled"
9118,"2025/12/04","Desk",4,536.44,"0","Cancelled"
1209,"2024-01-17","Phone",4,1395.76,"20","Cancelled"
1115,"15 Jan 2025","Laptop",2,1128.02,"10%","Pending"
1073,"22-Nov-2024","Chair",6,370.51,"0.15","Refunded"
9223,"29/12/2025","Printer",1,1361.64,"0.15","Refunded"
1022,"19/10/2024","Phone",1,753.08,"20","Pending"
1057,"23 Aug 2024","Webcam",2,1358.3,"0","Pending"
1152,"2024/05/16","monitor",6,642.15,"5%","Pending"
1020,"03/05/2024","Printer",4,1468.81,"5%","Cancelled"
1191,"2024/01/03","Phone",1,1151.73,"N/A","Pending"
1157,"30/10/2024","Chair",5,491.27,"10%","Cancelled"
1120,"30/01/2024","Printer",5,119.66,"5%","Pending"
1007,"30/04/2024","Laptop",1,241.47,"","Refunded"
1120,"2025-05-26","Headphones",2,551.27,"","Refunded"
1237,"17-12-2025","Webcam",3,1119.8,"20","Complete"
1187,"21 Dec 2024","Keyboard",1,567.52,"","Cancelled"
1074,"14-10-2024","Desk",6,262.32,"0.15","Pending"
1089,"2025/07/10","Webcam",4,882.95,"0.15","Pending"
1239,"14 Jan 2024","Mouse",6,299.39,"N/A","Refunded"
1200,"25 May 2026","Headphones",4,1247.74,"","Refunded"
1077,"27/12/2024","Printer",2,138.41,"N/A","Cancelled"
1032,"2024-07-17","Phone",3,855.51,"","Complete"
1247,"21-12-2025","Printer",2,160.01,"N/A","Pending"
1067,"2025/03/06","Router",1,695.12,"N/A","Pending"
1241,"21/05/2024","Tablet",1,431.19,"","Refunded"
1071,"07 Mar 2026","Webcam",5,293.43,"N/A","COMPLETE"
1063,"09 Apr 2025","Chair",5,303.41,"0.15","Refunded"
1245,"12-Oct-2025","Unknown",1,1171.2,"10%","Pending"
9944,"03-06-2026","Printer",1,703.56,"20","Cancelled"
1043,"2025-06-06","Printer",2,385.64,"5%","Complete"
1016,"22 Apr 2024","Headphones",6,1431.95,"0","Cancelled"
1137,"2025-06-27","Router",5,261.85,"0","Pending"
1238,"2024-08-20","Laptop",3,1458.43,"N/A","Refunded"
1041,"N/A","Chair",1,371.36,"20","Refunded"
9825,"30 Jul 2024","Phone",5,186.97,"0","Cancelled"
1062,"21-Dec-2024","Mouse",1,1497.47,"10%","Complete"
1166,"21-Oct-2025","Printer",1,92.54,"","Refunded"
9636,"2025-03-07","Printer",1,202.92,"20","Refunded"
1057,"25-Apr-2025","Printer",5,240.53,"N/A","Cancelled"
1123,"2025/03/16","Webcam",2,1379.87,"","Complete"
1085,"N/A","Laptop",5,480.36,"20","Cancelled"
1063,"24-Jul-2024","LAPTOP",5,1337.61,"N/A","Cancelled "
1004,"02/07/2024","router",2,167.34,"N/A","Refunded"
1005,"2024/09/09","Router",5,526.44,"","Complete"
1038,"14 Aug 2025","Tablet",1,1214.52,"0","Pending "
1124,"01/07/2025","Tablet",3,655.48,"10%","Refunded"
1203,"24/07/2024","Monitor",4,1294.64,"","Cancelled"
1186,"29-Jul-2025","Mouse",3,321.82,"N/A","Complete"
1225,"14 Aug 2025","Headphones",2,764.21,"10%","pending"
1172,"19/06/2024","Monitor",6,1177.73,"20","Pending"
1123,"2025-09-14","Mouse",6,377.66,"N/A","Pending"
1139,"30-Oct-2025","Phone",4,120.84,"0","Complete"
1224,"31/05/2025","Laptop",6,895.52,"0","Cancelled"
1009,"28-09-2024","Printer",3,81.98,"5%","pending"
1132,"2025-06-07","Phone",1,533.58,"0.15","Cancelled"
1096,"23-11-2025","Unknown",3,160.12,"5%","Complete"
1227,"25-04-2026","Tablet",2,959.81,"5%","Refunded"
1238,"15-Apr-2024","Router ",5,1460.08,"","Refunded"
9604,"2025/10/10","Laptop",4,1103.46,"0.15","Refunded"
1179,"26/12/2025","Keyboard",3,1098,"10%"," Cancelled"
1056,"28-02-2025","Webcam",4,18.19,"N/A","Refunded"
1220,"2025-05-27","Router",3,1105,"0","Pending"
1092,"08/05/2024","Desk",6,96.3,"5%","Pending"
1194,"2024/04/10","",2,738.82,"N/A","Cancelled"
1021,"02 May 2026","Webcam",6,73.3,"","Refunded"
1134,"2024-11-01"," Chair",5,957.34,"10%","Refunded"
1198,"2026/01/06","Headphones",6,1137.83,"N/A","Complete"
1175,"2026-02-21","Mouse",2,1185.27,"10%","Complete"
9473,"20-07-2024","Headphones",6,223.08,"0.15","Refunded"
9610,"08/06/2026","Headphones ",5,1001.23,"0","Pending "
1175,"2025/08/17","Keyboard",2,1355.24,"5%","Complete"
1081,"22/12/2024","Chair",6,157.28,"0"," Refunded"
1062,"01-Sep-2024","Router",6,163.22,"","Cancelled "
1098,"06-Mar-2025","Tablet",6,116.87,"10%","Cancelled"
1034,"11-Jan-2025","Phone",1,647.83,""," Cancelled"
1200,"23/09/2025","Tablet ",1,1434.03,"10%","Cancelled"
9295,"08-May-2025","Router ",1,103.95,"0","Pending"
1175,"2025-10-31","Printer",3,93.52,"0","Complete"
1211,"2025-08-26","Desk",6,883.32,"0","Pending"
1003,"17-Nov-2025","Webcam",3,683.14,"N/A","Refunded"
1186,"31/03/2025","Printer",2,715.4,"N/A","Complete"
1218,"2025-04-22","Laptop",4,588.78,"5%","Complete"
1167,"2025-02-28","Printer",2,1363.96,"20","Pending"
1038,"23-Mar-2025","Headphones",2,164.25,"N/A","Cancelled"
1067,"08 Apr 2025","mouse",4,540.05,"N/A","Refunded"
1085,"26-Mar-2025","Laptop",1,1146.82,"5%","Refunded"
1074,"21 Oct 2024","Monitor",5,921.92,"","Complete"
1069,"30-09-2025","Mouse",4,77.38,"N/A","Cancelled"
1113,"N/A","Chair",1,1131.72,"20","Pending"
1236,"Unknown","Webcam",3,1258.15,"0.15","Complete"
9444,"2025/10/10","Headphones",3,1371.97,"20","Cancelled"
9621,"12-06-2025","Mouse",4,11.05,"20","Complete"
1020,"14/05/2024","Chair",2,547.32,"5%","Complete"
1010,"2025-10-13","Router",5,1315.48,"N/A","pending"
1231,"07 Dec 2024","N/A",4,497.49,"0","pending"
1199,"10 Jun 2024","Webcam",5,1010.74,""," Refunded"
1236,"16-11-2024","",4,1347.1,"0.15","Pending"
1146,"20-Mar-2024","Monitor",3,1318.46,"0.15","Pending"
1019,"28 Jul 2024","Desk",5,1077.93,"","Pending"
1151,"04-08-2024","Desk",1,606.43,"10%","Cancelled"
1195,"17-09-2024","Monitor",1,1309.64,"10%","Pending"
9232,"24-Sep-2024","Router",1,453.84,"10%"," Refunded"
1246,"08-Nov-2024","Mouse",1,356.19,"","Pending"
1135,"N/A","Desk",6,1290.01,"","Complete"
1044,"17-Oct-2024","Chair",6,357.76,"20","Complete"
1232,"15/10/2025","Laptop",4,351.98,"20","COMPLETE"
1077,"2025/10/27","Phone",3,465.45,"0","Cancelled"
1215,"19-02-2025","Headphones",5,150.68,"10%","Cancelled"
9962,"12/09/2025","Tablet",4,1001.59,"10%","Pending"
1212,"27 Jul 2025","Tablet",6,122.35,"0","Pending"
1080,"24-01-2024","Phone",4,139.5,"0.15"," Complete"
1046,"25 Oct 2025","Tablet",1,305.46,"10%","Cancelled"
9992,"2024/03/28","Webcam",1,835.08,"N/A","Pending"
1142,"23-Sep-2024","Desk",1,1053.71,"20","Pending"
1193,"","Printer",6,1012.22,"","Pending"
1023,"02/06/2024","Webcam",1,531.89,"0","Complete"
1165,"03/07/2024","Keyboard",6,1231.65,"0","Pending"
1197,"15/03/2025","Chair",6,458.69,"","Complete"
9290,"12 Jun 2026","Printer",6,528.6,"10%","Cancelled"
1045,"24-May-2025","Webcam",5,1321.7,"20","Cancelled"
1021,"2025/09/29","Router",6,800,"20","Refunded"
1183,"22/12/2025","Tablet",5,685.36,"0","CANCELLED"
1106,"28-07-2025","Phone",3,1170.87,"0.15","Refunded"
1096,"2024-05-15","Monitor",6,468.86,"0.15","Pending"
1179,"02/02/2024","Desk",4,391.43,"N/A"," Pending"
1056,"Unknown","Headphones",1,196.67,"N/A","Pending"
1061,"24 Jul 2024","Chair",4,1360.86,"5%","Pending"
9206,"12/04/2026","Laptop",4,1359.72,"10%","COMPLETE"
1091,"2025-06-28","Printer",2,264.4,"0","Complete"
1167,"27-Jan-2026","Headphones",3,420.03,"0.15","Complete"
1140,"2025-11-02","Mouse",1,385.96,"10%","Complete"
1017,"30-Mar-2024","ROUTER",6,629.52,"N/A","Pending"
1231,"03/03/2024","Keyboard",2,907.77,"0.15","Refunded"
1044,"22-Mar-2024","Monitor",5,1365.12,"0.15","Pending"
1234,"20/04/2026","Tablet",5,481.77,"N/A","Cancelled"
1179,"11/11/2025","Mouse",3,107.4,"20","Complete"
1136,"2025/05/18","Phone",2,1443.2,"N/A","Refunded"
1061,"08 Dec 2025","Keyboard",5,1143.22,"0.15","Pending"
1187,"03-Feb-2026","Monitor",3,51.14,"","Cancelled"
1053,"2026/01/20","Monitor",2,442.64,"","cancelled"
1130,"2024-02-08","Router",1,646.74,"5%","Complete"
1011,"03 Aug 2025","Router",3,703.92,"10%","Refunded"
1095,"27 Nov 2025","Tablet",1,571.38,"0.15","Refunded"
1239,"2024/09/09","Headphones",2,1284.74,"5%","Pending"
1017,"2025/01/15","Keyboard",5,230.26,"N/A","Pending"
1204,"21-Dec-2025","Keyboard",2,741.24,"","Cancelled"
1115,"15 Mar 2026","Keyboard",3,977.31,"N/A","Pending"
1051,"15/06/2024","Printer",4,701.65,"20","Pending "
1249,"22-05-2024","Laptop",3,760.3,"0.15","Complete"
1129,"13/06/2024","Router",6,1089.79,"20"," Complete"
1066,"2025-01-25","Keyboard",6,100.35,"N/A","Cancelled "
1119,"24-12-2024","Router",1,1330.78,"20","Pending"
1041,"01-Jan-2026","Webcam",5,241.58,"","Complete"
1154,"2024-12-19","Desk",2,674.69,"20","cancelled"
1094,"10 Apr 2024","Desk",6,794.3,"","Complete"
1226,"09-05-2025"," Phone",2,1396.42,"0"," Cancelled"
1140,"01/06/2024","router",3,178.3,"","Complete"
1130,"16-11-2025","Phone",1,30.99,"","PENDING"
1179,"2025/08/13","Desk",6,1089.75,"20","Complete"
1116,"2026-05-24","Phone",4,409.52,"N/A","Refunded"
1242,"2024-02-06","Mouse",2,247.21,"N/A","Refunded"
1101,"2025/05/06","Desk",2,1253.9,"20","Refunded"
1009,"N/A","Webcam",5,1050.42,"5%","Cancelled"
1140,"06-04-2024","Mouse ",4,28.33,"0","Cancelled"
1107,"2024/01/29","Unknown",1,527.19,"0.15","Cancelled"
1169,"26-03-2026","Printer",4,739.4,"0","Pending"
1041,"08 Feb 2025"," Chair",5,247.19,"0","PENDING"
1223,"13 Dec 2025","Router",6,1497.83,"0.15","Refunded"
1230,"2026-02-06",".",3,520.31,"N/A","Complete"
9188,"NULL","Mouse",4,826.04,"0","Refunded"
1005,"2024/04/18",".",2,103.55,"","Complete"
1031,"2025-03-02","Router",6,17.04,"0","Pending"
1190,"26 Jul 2025","Chair",6,1380.11,"0","Cancelled"
1131,"08-Oct-2025","Keyboard",6,1452.1,"0.15","Cancelled"
1148,"2025/05/19","Headphones",6,771.32,"5%","Cancelled"
1086,"2026-02-04"," Headphones",6,68.95,"10%","Cancelled"
1012,"23-Jan-2025","Laptop",3,474.6,"20","REFUNDED"
1076,"13-01-2024","Router",4,45.18,"10%","complete"
1176,"17-09-2025","Printer",5,1404.24,"N/A","Cancelled"
1196,"2024-08-15","PHONE",2,939.32,"","Refunded"
1127,"18-May-2025","DESK",6,1368.47,"N/A"," Refunded"
9946,"09-Feb-2026","Desk",1,622.95,"0","refunded"
1236,"29-11-2025","Router",4,1065.89,"","Cancelled"
1250,"2025/01/26","Headphones",5,134.55,"20","Refunded"
1096,"28-Jan-2026","Headphones",4,504.49,"0.15","Cancelled"
1002,"26 Mar 2024","Headphones",3,1270.36,"0","Complete"
1174,"2025/11/14","Tablet",3,1407.44,"","Cancelled"
9244,"04-04-2026","Tablet",6,867.92,"20","Pending"
1210,"2025-01-02","Phone",5,1488.51,"0","Pending"
1176,"25-Feb-2025","Webcam",5,1156.66,"0","Cancelled"
1134,"15-Jun-2026"," Keyboard",4,1076.88,"0.15","Complete"
1091,"03 Feb 2026","Keyboard",2,78.39,"10%"," Cancelled"
1219,"13-May-2024","Laptop",3,429.71,"0","Pending"
1211,"15-10-2024","Laptop",1,617.28,"N/A","Complete"
1046,"20-02-2026","Router",6,1069.93,"","Complete"
1188,"26-01-2024","Router",1,371.15,"","Cancelled"
1031,"03-03-2024","Webcam",1,1400.97,"5%","Cancelled "
1029,"29/01/2024","Mouse",6,134.4,"0","Refunded"
1226,"N/A","Monitor",6,1163.04,"0","Refunded"
1218,"04-06-2025","Headphones",4,694.19,"N/A","Pending"
1161,"19-Feb-2025","Monitor",1,1491.65,"20","Cancelled"
1047,"2025/05/12","Phone",1,367.71,"N/A","complete"
1018,"2026/06/16","Laptop",1,1354.65,"20","Complete"
1184,"2025/07/10","Phone",4,1080.28,"","Complete"
1089,"11-12-2025","Webcam",3,945.62,"","Refunded"
1238,"2024/04/02","Chair",6,1377.94,"","Complete"
1125,"09-Mar-2026","Headphones",5,1413.07,"N/A","Complete"
1149,"20/12/2025","Webcam",2,1193.16,"N/A","Pending"
1126,"25-Feb-2025","Mouse",6,1333.92,"N/A","Refunded"
1106,"15 Feb 2026","Monitor",5,1393.02,"10%","Complete"
1021,"30 Jun 2024","Keyboard",5,113.88,"","Cancelled"
1059,"2024-01-06","Chair",3,863.66,"","Refunded"
1145,"2025-07-06","Phone",5,1106.69,"0.15","Pending"
1123,"13-Sep-2025","Webcam",5,1312,"0","Pending"
1159,"2024/06/16","Laptop",5,658.22,"5%","Complete"
1065,"2026-05-04","ROUTER",5,575.96,"10%","Pending"
1197,"11/10/2024","Phone",5,1113.37,"","Cancelled"
1158,"2024-09-07","Laptop",3,734.22,"N/A","Cancelled"
1034,"2024-10-20","Monitor",6,872.7,"0.15","Complete"
1191,"27-08-2024","Laptop",1,1327.71,""," Pending"
1023,"10/05/2026","Desk",4,315.79,"10%"," Complete"
1219,"2025-07-30","Printer",2,369.6,"","Cancelled"
1218,"05/02/2024","Laptop",6,1252.55,"0.15","Cancelled"
1087,"Unknown","Webcam",4,1297.46,"N/A","Cancelled"
1195,"12-May-2025","Mouse",2,1497.09,"10%","Pending"
1188,"03 Jan 2026","Printer ",2,799.27,"","Refunded"
1017,"NULL","Phone",2,155.21,"20","Cancelled"
1029,"08-Oct-2025","Monitor",6,1359.05,"20","refunded"
1243,"11 Jul 2024","Headphones ",2,737.99,"N/A","Refunded"
1141,"03-May-2025","Headphones",1,846.79,"10%","Refunded"
1207,"2024/07/01","Desk",3,1249.85,"0","REFUNDED"
1095,"2025/01/26","Monitor",2,158.32,"0.15","Pending"
1034,"22 Mar 2025","Tablet",3,534.3,"5%","Refunded"
1058,"02-Jul-2024","Printer",3,286.47,"10%","Pending "
1092,"28-Sep-2024","Headphones",3,1365.8,"0","Pending"
1228,"2024-10-18","Keyboard",5,959.84,"0","Pending"
1183,"2026/04/18"," Headphones",1,733.37,"10%","Pending"
1105,"05-Sep-2024","Mouse",2,1174.18,"","Refunded"
1033,"16-Jun-2024","Webcam",4,59.17,"0","Pending"
1140,"17-Oct-2024","Headphones",2,908.39,"10%","Refunded "
1109,"2025-04-27","Webcam",5,1133.25,"0","Complete"
9608,"2025/07/04","MONITOR",4,376.47,"5%","Cancelled"
9438,"2025-05-12","Monitor",4,842.72,"0.15","Complete"
1227,"12/03/2026","Mouse",4,98.79,"0","Refunded"
1005,"18/06/2025","Laptop",5,434.8,"0.15","Pending"
1022,"N/A","Router",1,594.36,"20","Pending"
1142,"04-Apr-2026","Keyboard",3,918.2,"20","Refunded"
1086,"18/12/2025","Webcam",2,533.71,"","Cancelled"
1070,"2025/09/11","Desk",1,498.76,"20","pending"
1138,".","Tablet",5,27.23,"0","Refunded"
1103,"10-Dec-2024","tablet",1,13.36,"20","Cancelled"
1191,"27-08-2024","Laptop",1,1327.71,""," Pending"
1079,"18 Apr 2026","Mouse",3,258.83,"10%","Refunded"
1143,"14-03-2025","Headphones",3,63.43,"20","Cancelled"
1145,"2025-07-06","Phone",5,1106.69,"0.15","Pending"
1191,"2025/11/02","Chair",2,1166.49,"10%","Cancelled"
1092,"28-Sep-2024","Headphones",3,1365.8,"0","Pending"
1226,"09-05-2025"," Phone",2,1396.42,"0"," Cancelled"
1146,"30-Nov-2024","Desk",4,748.77,"20","Refunded"
1116,"2026/04/25","Mouse",6,426.3,"N/A","Pending"
1167,"2025-02-28","Printer",2,1363.96,"20","Pending"
9083,"22/11/2024","Keyboard",4,677.37,"5%","Refunded"
